<?xml version="1.0" encoding="utf-8"?><feed xmlns="http://www.w3.org/2005/Atom" ><generator uri="https://jekyllrb.com/" version="3.8.5">Jekyll</generator><link href="http://localhost:4000/template-pintereso-bootstrap-jekyll/feed.xml" rel="self" type="application/atom+xml" /><link href="http://localhost:4000/template-pintereso-bootstrap-jekyll/" rel="alternate" type="text/html" /><updated>2018-11-08T14:58:49+02:00</updated><id>http://localhost:4000/template-pintereso-bootstrap-jekyll/</id><title type="html">Pintereso</title><subtitle>Pintereso is a free Jekyll theme for awesome people like you, Pinterest like.</subtitle><entry><title type="html">Stellar Social Media Banner Pack</title><link href="http://localhost:4000/template-pintereso-bootstrap-jekyll/stellar-social-media-banner/" rel="alternate" type="text/html" title="Stellar Social Media Banner Pack" /><published>2018-06-01T00:00:00+03:00</published><updated>2018-06-01T00:00:00+03:00</updated><id>http://localhost:4000/template-pintereso-bootstrap-jekyll/stellar-social-media-banner</id><content type="html" xml:base="http://localhost:4000/template-pintereso-bootstrap-jekyll/stellar-social-media-banner/">&lt;p&gt;12 fully editable banner designs, each in 5 different sizes optimized for Facebook, Twitter, Instagram, Pinterest and Blog adds and posts! Very easy to edit, with 100 stock photos included, this pack is an awesome way to create stunning and eye catching adds and posts.&lt;/p&gt;</content><author><name></name></author><summary type="html">12 fully editable banner designs, each in 5 different sizes optimized for Facebook, Twitter, Instagram, Pinterest and Blog adds and posts! Very easy to edit, with 100 stock photos included, this pack is an awesome way to create stunning and eye catching adds and posts.</summary><media:thumbnail xmlns:media="http://search.yahoo.com/mrss/" url="http://localhost:4000/template-pintereso-bootstrap-jekyll/assets/images/stellar.jpg" /></entry><entry><title type="html">Maltese</title><link href="http://localhost:4000/template-pintereso-bootstrap-jekyll/maltese/" rel="alternate" type="text/html" title="Maltese" /><published>2018-05-30T00:00:00+03:00</published><updated>2018-05-30T00:00:00+03:00</updated><id>http://localhost:4000/template-pintereso-bootstrap-jekyll/maltese</id><content type="html" xml:base="http://localhost:4000/template-pintereso-bootstrap-jekyll/maltese/">&lt;p&gt;Inside you’ll find 10 easy to edit, fully customisable Moodboard Templates, created in PHOTOSHOP and optimised in 2 different sizes for the best presentation on Pinterest, Instagram and not only.&lt;/p&gt;</content><author><name></name></author><summary type="html">Inside you’ll find 10 easy to edit, fully customisable Moodboard Templates, created in PHOTOSHOP and optimised in 2 different sizes for the best presentation on Pinterest, Instagram and not only.</summary><media:thumbnail xmlns:media="http://search.yahoo.com/mrss/" url="http://localhost:4000/template-pintereso-bootstrap-jekyll/assets/images/maltese.jpg" /></entry><entry><title type="html">Intro UI Kit</title><link href="http://localhost:4000/template-pintereso-bootstrap-jekyll/intro-ui-kit/" rel="alternate" type="text/html" title="Intro UI Kit" /><published>2018-05-30T00:00:00+03:00</published><updated>2018-05-30T00:00:00+03:00</updated><id>http://localhost:4000/template-pintereso-bootstrap-jekyll/intro-ui-kit</id><content type="html" xml:base="http://localhost:4000/template-pintereso-bootstrap-jekyll/intro-ui-kit/">&lt;p&gt;Intro is the modern and minimalistic UI Kit that will help you simplify your work. Perfect for creating websites of agencies, studios and creative people around the world.&lt;/p&gt;</content><author><name></name></author><summary type="html">Intro is the modern and minimalistic UI Kit that will help you simplify your work. Perfect for creating websites of agencies, studios and creative people around the world.</summary><media:thumbnail xmlns:media="http://search.yahoo.com/mrss/" url="http://localhost:4000/template-pintereso-bootstrap-jekyll/assets/images/intr-ui.jpg" /></entry><entry><title type="html">Material Mobile UI Kit</title><link href="http://localhost:4000/template-pintereso-bootstrap-jekyll/material/" rel="alternate" type="text/html" title="Material Mobile UI Kit" /><published>2018-05-12T00:00:00+03:00</published><updated>2018-05-12T00:00:00+03:00</updated><id>http://localhost:4000/template-pintereso-bootstrap-jekyll/material</id><content type="html" xml:base="http://localhost:4000/template-pintereso-bootstrap-jekyll/material/">&lt;p&gt;Matta - Material Design Mobile UI Kit is the superb library of app Templates and UI elements combined into high-quality source files for Sketch. All you need for quick prototype, design and develop any Material Design mobile app.&lt;/p&gt;</content><author><name></name></author><summary type="html">Matta - Material Design Mobile UI Kit is the superb library of app Templates and UI elements combined into high-quality source files for Sketch. All you need for quick prototype, design and develop any Material Design mobile app.</summary><media:thumbnail xmlns:media="http://search.yahoo.com/mrss/" url="http://localhost:4000/template-pintereso-bootstrap-jekyll/assets/images/material.jpg" /></entry><entry><title type="html">Flowers Illustrations</title><link href="http://localhost:4000/template-pintereso-bootstrap-jekyll/flowers/" rel="alternate" type="text/html" title="Flowers Illustrations" /><published>2018-05-12T00:00:00+03:00</published><updated>2018-05-12T00:00:00+03:00</updated><id>http://localhost:4000/template-pintereso-bootstrap-jekyll/flowers</id><content type="html" xml:base="http://localhost:4000/template-pintereso-bootstrap-jekyll/flowers/">&lt;p&gt;Ethereal Blush-Florals Graphic Set.&lt;/p&gt;</content><author><name></name></author><summary type="html">Ethereal Blush-Florals Graphic Set.</summary><media:thumbnail xmlns:media="http://search.yahoo.com/mrss/" url="http://localhost:4000/template-pintereso-bootstrap-jekyll/assets/images/flowers.jpg" /></entry><entry><title type="html">Circular</title><link href="http://localhost:4000/template-pintereso-bootstrap-jekyll/circular/" rel="alternate" type="text/html" title="Circular" /><published>2018-05-12T00:00:00+03:00</published><updated>2018-05-12T00:00:00+03:00</updated><id>http://localhost:4000/template-pintereso-bootstrap-jekyll/circular</id><content type="html" xml:base="http://localhost:4000/template-pintereso-bootstrap-jekyll/circular/">&lt;p&gt;Circular is a pack of 5 beautiful, responsive and unique landing pages.&lt;/p&gt;</content><author><name></name></author><summary type="html">Circular is a pack of 5 beautiful, responsive and unique landing pages.</summary><media:thumbnail xmlns:media="http://search.yahoo.com/mrss/" url="http://localhost:4000/template-pintereso-bootstrap-jekyll/assets/images/circular.jpg" /></entry><entry><title type="html">Aries WP Theme</title><link href="http://localhost:4000/template-pintereso-bootstrap-jekyll/aries/" rel="alternate" type="text/html" title="Aries WP Theme" /><published>2018-05-12T00:00:00+03:00</published><updated>2018-05-12T00:00:00+03:00</updated><id>http://localhost:4000/template-pintereso-bootstrap-jekyll/aries</id><content type="html" xml:base="http://localhost:4000/template-pintereso-bootstrap-jekyll/aries/">&lt;p&gt;Aries is a Premium WordPress Themes for bloggers.&lt;/p&gt;</content><author><name></name></author><summary type="html">Aries is a Premium WordPress Themes for bloggers.</summary><media:thumbnail xmlns:media="http://search.yahoo.com/mrss/" url="http://localhost:4000/template-pintereso-bootstrap-jekyll/assets/images/aries.jpeg" /></entry><entry><title type="html">Web Concepts Library</title><link href="http://localhost:4000/template-pintereso-bootstrap-jekyll/web-concepts-library/" rel="alternate" type="text/html" title="Web Concepts Library" /><published>2018-01-12T00:00:00+02:00</published><updated>2018-01-12T00:00:00+02:00</updated><id>http://localhost:4000/template-pintereso-bootstrap-jekyll/web-concepts-library</id><content type="html" xml:base="http://localhost:4000/template-pintereso-bootstrap-jekyll/web-concepts-library/">&lt;p&gt;A collection of sites concepts in various styles with Templates, style-guides and a huge layout library made to quickly tryout your current project in different concepts.&lt;/p&gt;</content><author><name></name></author><summary type="html">A collection of sites concepts in various styles with Templates, style-guides and a huge layout library made to quickly tryout your current project in different concepts.</summary><media:thumbnail xmlns:media="http://search.yahoo.com/mrss/" url="http://localhost:4000/template-pintereso-bootstrap-jekyll/assets/images/web-concepts-library.jpg" /></entry><entry><title type="html">Violett</title><link href="http://localhost:4000/template-pintereso-bootstrap-jekyll/violett/" rel="alternate" type="text/html" title="Violett" /><published>2018-01-12T00:00:00+02:00</published><updated>2018-01-12T00:00:00+02:00</updated><id>http://localhost:4000/template-pintereso-bootstrap-jekyll/violett</id><content type="html" xml:base="http://localhost:4000/template-pintereso-bootstrap-jekyll/violett/">&lt;p&gt;Violett Web is a rich and minimal a Dashboard &amp;amp; Admin app specially designed to fit right into the web. It’s the result of an obsession to simplify the user experience for business and data management on all web platforms, and help you radiate your true vision and ideas into a gorgeously clean and beautiful design.&lt;/p&gt;</content><author><name></name></author><summary type="html">Violett Web is a rich and minimal a Dashboard &amp;amp; Admin app specially designed to fit right into the web. It’s the result of an obsession to simplify the user experience for business and data management on all web platforms, and help you radiate your true vision and ideas into a gorgeously clean and beautiful design.</summary><media:thumbnail xmlns:media="http://search.yahoo.com/mrss/" url="http://localhost:4000/template-pintereso-bootstrap-jekyll/assets/images/violett.jpg" /></entry><entry><title type="html">Universal Web UI Kit</title><link href="http://localhost:4000/template-pintereso-bootstrap-jekyll/universal-web/" rel="alternate" type="text/html" title="Universal Web UI Kit" /><published>2018-01-12T00:00:00+02:00</published><updated>2018-01-12T00:00:00+02:00</updated><id>http://localhost:4000/template-pintereso-bootstrap-jekyll/universal-web</id><content type="html" xml:base="http://localhost:4000/template-pintereso-bootstrap-jekyll/universal-web/">&lt;p&gt;Stylish and minimalistic pack of 523 UI components for creating a modern online store, blog, magazine, or online media. Dark and light screens in 2 font variations.&lt;/p&gt;</content><author><name></name></author><summary type="html">Stylish and minimalistic pack of 523 UI components for creating a modern online store, blog, magazine, or online media. Dark and light screens in 2 font variations.</summary><media:thumbnail xmlns:media="http://search.yahoo.com/mrss/" url="http://localhost:4000/template-pintereso-bootstrap-jekyll/assets/images/universal.jpg" /></entry></feed>